,PupsID,Region,Metabolite,Age,ADC,SphereRadius,SphereFraction,MSE
0,10,Cerebellum,NAA+NAAG,5,0.4029130743818341,5.290410537187689,0.0,0.0076640419577672
1,11,Cerebellum,NAA+NAAG,5,0.3860590758383502,4.983388953916699,0.0,0.0107793915042957
2,12,Cerebellum,NAA+NAAG,5,0.3582620863208163,5.196311534613492,0.0,0.0030550647020712
3,13,Cerebellum,NAA+NAAG,5,0.3828075071130424,5.072488492064941,0.0,0.0493255316289113
4,14,Cerebellum,NAA+NAAG,5,0.4109401878994344,5.052384854661189,0.0,0.0295566189816962
5,15,Cerebellum,NAA+NAAG,5,0.3469648881142229,4.870392473601431,0.0,0.0116904649547532
6,17,Cerebellum,NAA+NAAG,5,0.6165686917223605,5.278031904040155,0.0,0.0252704308883526
7,18,Cerebellum,NAA+NAAG,5,0.8356393147655505,4.8306424799287,0.0,0.0064218346255391
8,1,Thalamus,NAA+NAAG,5,0.4156563830555582,4.367719493417324,0.0,0.0047224537333708
9,2,Thalamus,NAA+NAAG,5,0.3315662762835227,4.843362384968222,0.0,0.0036527171593867
10,4,Thalamus,NAA+NAAG,5,0.2080107916712333,5.482093539220888,0.0,0.0697429907049857
11,5,Thalamus,NAA+NAAG,5,0.236782300239278,5.038376963339752,0.0,0.0320144852968211
12,6,Thalamus,NAA+NAAG,5,0.5143699598563585,5.155479702744783,0.0,0.0054138542881383
13,7,Thalamus,NAA+NAAG,5,0.2884462200515999,5.208308679772594,0.0,0.0194678475449231
14,8,Thalamus,NAA+NAAG,5,0.3360681131031703,5.190355798968873,0.0,0.0060591101324106
15,9,Thalamus,NAA+NAAG,5,0.3887626439923227,5.111316387289387,0.0,0.0065133924116775
16,10,Cerebellum,Cr+PCr,5,0.2766146010921061,5.234351665373096,0.0,0.0118824098543147
17,11,Cerebellum,Cr+PCr,5,0.2999173049105502,4.433362765482346,0.0,0.0110303922036908
18,12,Cerebellum,Cr+PCr,5,0.3376128529171738,4.8768591723822405,0.0,0.00468437503516
19,13,Cerebellum,Cr+PCr,5,0.4355178158071816,5.124143741393255,0.0,0.0486171872313231
20,14,Cerebellum,Cr+PCr,5,0.3855198012753393,5.099191827610669,0.0,0.0100168006978931
21,15,Cerebellum,Cr+PCr,5,0.395921787515586,5.035429827530464,0.0,0.0090208784012306
22,17,Cerebellum,Cr+PCr,5,0.8878508777824201,4.8330367179746805,0.0,0.0098476557048078
23,18,Cerebellum,Cr+PCr,5,0.575510174879898,4.708941013964841,0.0,0.0068306931266117
24,1,Thalamus,Cr+PCr,5,0.3782315158428269,4.653975870297697,0.0,0.0052377168138208
25,2,Thalamus,Cr+PCr,5,0.384798439689211,5.414749725161575,0.0,0.0054850910004708
26,4,Thalamus,Cr+PCr,5,0.415980585933997,4.6029577363250604,0.0,0.0118532723657654
27,5,Thalamus,Cr+PCr,5,0.4936513278038468,4.910084221701771,0.0,0.0077177021567785
28,6,Thalamus,Cr+PCr,5,0.4412359418779643,4.655314079165679,0.0,0.0039777471097636
29,7,Thalamus,Cr+PCr,5,0.4513878390955515,4.7712004487412125,0.0,0.0127580069265968
30,8,Thalamus,Cr+PCr,5,0.4062238197122653,5.3962423971254605,0.0,0.0029872617953913
31,9,Thalamus,Cr+PCr,5,0.437510572421293,5.382099470711752,0.0,0.0029431367876228
32,10,Cerebellum,GPC+PCho+Cho,5,0.250249902808894,5.400726369992629,0.0,0.0159509519092229
33,11,Cerebellum,GPC+PCho+Cho,5,0.2678742477149405,4.661962257857957,0.0,0.053950719854986
34,12,Cerebellum,GPC+PCho+Cho,5,0.2718698863455813,4.841598453166891,0.0,0.0066809759993381
35,13,Cerebellum,GPC+PCho+Cho,5,0.4537247634153732,5.342940015425831,0.0,0.0595594630702876
36,14,Cerebellum,GPC+PCho+Cho,5,0.3312473076136087,4.819947893613801,0.0,0.0120704903976421
37,15,Cerebellum,GPC+PCho+Cho,5,0.2854778402597503,4.757077900081651,0.0,0.0156462796716894
38,16,Cerebellum,GPC+PCho+Cho,5,1.0382996495915786,4.689460773400881,0.0,0.0508954873454937
39,17,Cerebellum,GPC+PCho+Cho,5,0.6763178674626402,5.705148496477732,0.0,0.0086280895178635
40,18,Cerebellum,GPC+PCho+Cho,5,0.352041048579167,4.699628496055197,0.0,0.0060912596669543
41,1,Thalamus,GPC+PCho+Cho,5,1.0000081379347298e-07,5.468009209689836,0.0,50878092.19996436
42,2,Thalamus,GPC+PCho+Cho,5,0.2709834673863464,5.181797375579671,0.0,0.0058104152585703
43,4,Thalamus,GPC+PCho+Cho,5,1.0000081379347298e-07,5.468009209689836,0.0,38120035.70027695
44,5,Thalamus,GPC+PCho+Cho,5,1.0000081379347298e-07,5.468009209689836,0.0,132270446.77548093
45,6,Thalamus,GPC+PCho+Cho,5,0.331052660038608,5.021363621385001,0.0,0.0020778198829652
46,7,Thalamus,GPC+PCho+Cho,5,0.305109295169945,5.141284133667247,0.0,0.0103445138190449
47,8,Thalamus,GPC+PCho+Cho,5,0.4398447659398999,4.491222206229694,0.0,0.0106383207142931
48,9,Thalamus,GPC+PCho+Cho,5,0.2997300829169432,4.628693139313541,0.0,0.0067336214230753
49,10,Cerebellum,Glu,5,0.4374706639826045,4.686878000088855,0.0,0.0027157571172498
50,11,Cerebellum,Glu,5,0.3204935508920263,5.474794173341692,0.0,0.0092202024507249
51,12,Cerebellum,Glu,5,0.3279334889553507,5.765268631193697,0.0,0.0044622840941692
52,13,Cerebellum,Glu,5,0.3767597589879399,5.77460039574588,0.0,0.0556630429304378
53,14,Cerebellum,Glu,5,0.4160075696345238,4.755765249308117,0.0,0.004823908238194
54,15,Cerebellum,Glu,5,0.4231504491271506,4.933123397523308,0.0,0.0109180779036028
55,16,Cerebellum,Glu,5,0.4576762630259027,4.331806106562791,0.0,0.0233591147999199
56,17,Cerebellum,Glu,5,0.7593784145822152,4.978307492781092,0.0,0.0068989732629145
57,18,Cerebellum,Glu,5,0.3393952961922191,4.767140608579663,0.0,0.0134999264547898
58,1,Thalamus,Glu,5,0.4264226816463034,4.876526786274103,0.0,0.0043703815696057
59,2,Thalamus,Glu,5,0.5770352022979801,4.900576121808891,0.0,0.0064577835605111
60,4,Thalamus,Glu,5,0.4780324391419757,5.137475714859315,0.0,0.0101241181065059
61,5,Thalamus,Glu,5,0.4354909569205068,4.701201891301447,0.0,0.0050977846148653
62,6,Thalamus,Glu,5,0.4295938137387072,4.649818381308307,0.0,0.0050356494300823
63,7,Thalamus,Glu,5,0.5608380716610804,4.411869088136692,0.0,0.0072472261261796
64,8,Thalamus,Glu,5,0.4729086116266233,4.860694955743985,0.0,0.0023984693749571
65,9,Thalamus,Glu,5,0.4775658288947645,5.730511937010107,0.0,0.0016542557369784
66,11,Cerebellum,Ins,5,0.2150007896639888,5.453567858707521,0.0,0.010481330416935
67,12,Cerebellum,Ins,5,0.2596593793107683,4.545178538709878,0.0,0.021478239220723
68,13,Cerebellum,Ins,5,0.3812502031399697,4.960587254368315,0.0,0.0675561469838242
69,14,Cerebellum,Ins,5,0.3404576463465736,5.363893360879543,0.0,0.0213392101052072
70,17,Cerebellum,Ins,5,0.8990595004223821,5.028246256016299,0.0,0.0180126812180826
71,6,Thalamus,Ins,5,0.4651310501890126,5.020572292752605,0.0,0.0262655393482687
72,7,Thalamus,Ins,5,0.4714322672791657,5.5945082588851776,0.0,0.016706712672415
73,8,Thalamus,Ins,5,0.2282948086747555,4.96052061171603,0.0,0.1618677598845837
74,9,Thalamus,Ins,5,0.306926275579139,5.240349820390728,0.0,0.1554655327702135
75,10,Cerebellum,Tau,5,0.5184403035160627,5.1031223953373015,0.0,0.0039269305989885
76,11,Cerebellum,Tau,5,0.3946907867038248,4.971784180412182,0.0,0.0061888265530059
77,12,Cerebellum,Tau,5,0.4757163266201981,5.129033843075815,0.0,0.0029698639318182
78,13,Cerebellum,Tau,5,0.503225516437464,5.175379090367873,0.0,0.0623346694732063
79,14,Cerebellum,Tau,5,0.555087444350785,4.523522700272241,0.0,0.0045733053883601
80,15,Cerebellum,Tau,5,0.4871449660865058,5.1528397151429495,0.0,0.0084009622831319
81,17,Cerebellum,Tau,5,1.160323043533635,4.924495726103949,0.0,0.0048034981248288
82,18,Cerebellum,Tau,5,0.6353310613731336,5.276223731590359,0.0,0.0032838128064966
83,1,Thalamus,Tau,5,0.5357958862067655,4.209336549631902,0.0,0.0010712777390166
84,2,Thalamus,Tau,5,0.5582004163210504,4.327250188422124,0.0,0.0021554545864982
85,4,Thalamus,Tau,5,0.6003217863368381,5.173942131148132,0.0,0.0034656677760511
86,5,Thalamus,Tau,5,0.6066851715694519,4.718878351742863,0.0,0.0015744398172095
87,6,Thalamus,Tau,5,0.5770322943935774,4.308853847655351,0.0,0.0015093133316881
88,8,Thalamus,Tau,5,0.5804308209962105,4.6374304670595565,0.0,0.0015412571558356
89,9,Thalamus,Tau,5,0.5746374613843351,5.300763451010376,0.0,0.0017508960885859
90,10,Cerebellum,NAA+NAAG,10,0.402243835849285,4.558190541703661,0.0,0.0039417875275235
91,12,Cerebellum,NAA+NAAG,10,0.3875806523402335,4.731576565874709,0.0,0.0120177423977329
92,13,Cerebellum,NAA+NAAG,10,0.350059061050786,5.219965553117362,0.0,0.0035036356671132
93,14,Cerebellum,NAA+NAAG,10,0.195556541465965,5.3041208655029815,0.0,0.0185888623762508
94,15,Cerebellum,NAA+NAAG,10,0.3302580038633375,5.337739229918513,0.0,0.0024290059129961
95,16,Cerebellum,NAA+NAAG,10,0.3147069926022258,5.361718609744121,0.0,0.0041655041427454
96,17,Cerebellum,NAA+NAAG,10,0.2828409270260398,5.082538193772145,0.0,0.0062785690789245
97,18,Cerebellum,NAA+NAAG,10,0.2888433531862845,5.278392456489484,0.0,0.0032859050482784
98,1,Thalamus,NAA+NAAG,10,0.3747832866077772,5.042717436589855,0.0,0.0003651070883731
99,2,Thalamus,NAA+NAAG,10,0.4118327364952281,5.26161291191101,0.0,0.0026518379130109
100,3,Thalamus,NAA+NAAG,10,0.3479047507497526,5.096201505206053,0.0,0.0011836226250789
101,4,Thalamus,NAA+NAAG,10,0.4046900519993635,5.204670308219738,0.0,0.0002835943365941
102,5,Thalamus,NAA+NAAG,10,0.3416664440633278,5.726459364550396,0.0,0.0017219707269344
103,6,Thalamus,NAA+NAAG,10,0.3668656909125765,5.08317720366414,0.0,0.0005633798024829
104,7,Thalamus,NAA+NAAG,10,0.4480733699912164,5.448142008082643,0.0,0.0010696231715659
105,8,Thalamus,NAA+NAAG,10,0.4470357834877856,4.691207883587687,0.0,0.0019898116849905
106,9,Thalamus,NAA+NAAG,10,0.4068046671659771,4.887096473418003,0.0,0.0006704304155043
107,10,Cerebellum,Cr+PCr,10,0.3263630228758147,5.472283947212095,0.0,0.0078464549428034
108,12,Cerebellum,Cr+PCr,10,0.2738208245615099,5.158067684337349,0.0,0.0039072089262714
109,13,Cerebellum,Cr+PCr,10,0.3067066394706464,4.483012661979494,0.0,0.005278586506402
110,14,Cerebellum,Cr+PCr,10,0.2029860958678118,4.978564307670656,0.0,0.0047325341524425
111,15,Cerebellum,Cr+PCr,10,0.2775489017956077,5.549884681586055,0.0,0.001480742055562
112,16,Cerebellum,Cr+PCr,10,0.2612585913306252,5.132291405506197,0.0,0.0065998180606281
113,17,Cerebellum,Cr+PCr,10,0.2625371630105574,5.042195409243926,0.0,0.0066540474726697
114,18,Cerebellum,Cr+PCr,10,0.2841701009581727,4.776360403890116,0.0,0.0101985611062214
115,1,Thalamus,Cr+PCr,10,0.3917468011518756,4.726728387358033,0.0,0.0033024526666802
116,2,Thalamus,Cr+PCr,10,0.3516680212417578,4.875074946862833,0.0,0.0040502966102927
117,3,Thalamus,Cr+PCr,10,0.3554706111363733,5.746093775660722,0.0,0.0023582861704084
118,4,Thalamus,Cr+PCr,10,0.4318131061510351,5.16370606233504,0.0,0.0038219611763182
119,5,Thalamus,Cr+PCr,10,0.4235836061308484,5.171006410306482,0.0,0.0016808281971552
120,6,Thalamus,Cr+PCr,10,0.3938074499964105,5.408697716643482,0.0,0.0024174743808414
121,7,Thalamus,Cr+PCr,10,0.4268695209641921,5.403406220284005,0.0,0.0012021711829785
122,8,Thalamus,Cr+PCr,10,0.4364760559624864,5.204987894590256,0.0,0.0077048593707517
123,9,Thalamus,Cr+PCr,10,0.4053125417590092,5.514039678050433,0.0,0.0022972131714663
124,10,Cerebellum,GPC+PCho+Cho,10,0.1714686958835516,4.856383755535884,0.0,0.0131002235306823
125,12,Cerebellum,GPC+PCho+Cho,10,0.2892411557539838,5.081865332229816,0.0,0.0083018270215811
126,13,Cerebellum,GPC+PCho+Cho,10,0.0640152850960404,5.200959068050554,0.0,0.0363980688663462
127,14,Cerebellum,GPC+PCho+Cho,10,0.041126966825576,5.07044814347976,0.0,0.0445529054066312
128,15,Cerebellum,GPC+PCho+Cho,10,0.3068848610006041,5.1541583447358725,0.0,0.0094209247613277
129,16,Cerebellum,GPC+PCho+Cho,10,0.2632388150073192,4.3789529818804285,0.0,0.009467809040734
130,17,Cerebellum,GPC+PCho+Cho,10,0.2040813830915945,5.317890907110677,0.0,0.0114286177802059
131,18,Cerebellum,GPC+PCho+Cho,10,0.1816756320446918,4.527822154196903,0.0,0.0097482944935758
132,1,Thalamus,GPC+PCho+Cho,10,0.3120971960128628,5.0088581832749846,0.0,0.0059225118907285
133,2,Thalamus,GPC+PCho+Cho,10,0.2636316641107411,4.946158016900302,0.0,0.0032133676770979
134,3,Thalamus,GPC+PCho+Cho,10,0.2542567507277208,5.137956538180222,0.0,0.0015646846649205
135,4,Thalamus,GPC+PCho+Cho,10,0.3000060154251027,5.131026518419266,0.0,0.0030285383194473
136,5,Thalamus,GPC+PCho+Cho,10,0.337501833637419,4.879540615198373,0.0,0.0014049916261353
137,6,Thalamus,GPC+PCho+Cho,10,0.3409532677897064,5.556705022596014,0.0,0.0024425365616944
138,7,Thalamus,GPC+PCho+Cho,10,0.2983105613129862,4.489006985919591,0.0,0.0020836894218579
139,8,Thalamus,GPC+PCho+Cho,10,0.3260837790580775,5.106515064667596,0.0,0.0154458425477884
140,9,Thalamus,GPC+PCho+Cho,10,0.3529461392869524,5.042886087034519,0.0,0.0011714547353385
141,10,Cerebellum,Glu,10,0.3859493736585756,5.158992431163793,0.0,0.0027000879492102
142,11,Cerebellum,Glu,10,0.4480341617497657,4.931876993881107,0.0,0.011718076882804
143,12,Cerebellum,Glu,10,0.2685690557058945,5.442057882308361,0.0,0.0026971474043887
144,13,Cerebellum,Glu,10,0.205224586161163,5.445639768466585,0.0,0.003441863115011
145,14,Cerebellum,Glu,10,0.2651277780088052,5.001114208115954,0.0,0.0049847747497455
146,15,Cerebellum,Glu,10,0.2987227895539703,5.211470599941488,0.0,0.0027752139500239
147,16,Cerebellum,Glu,10,0.2482509446703286,5.460617970878812,0.0,0.0047169823594798
148,17,Cerebellum,Glu,10,0.3118150684343521,4.561529702159946,0.0,0.00481824121425
149,18,Cerebellum,Glu,10,0.2908888539459043,5.027727372800577,0.0,0.0045581170983302
150,1,Thalamus,Glu,10,0.4193888108618023,5.071012641046993,0.0,0.0016199236653116
151,2,Thalamus,Glu,10,0.4433879112605169,5.407434593975485,0.0,0.0016790195745456
152,3,Thalamus,Glu,10,0.4557582791029159,4.482701889066998,0.0,0.0008973930136838
153,4,Thalamus,Glu,10,0.5078607878904643,5.206747050602319,0.0,0.001582398671803
154,5,Thalamus,Glu,10,0.4800768776668961,5.124643626923189,0.0,0.00098206736281
155,6,Thalamus,Glu,10,0.4128713770249277,4.278477666914171,0.0,0.0021929727668042
156,7,Thalamus,Glu,10,0.4727994347037585,5.711544978698667,0.0,0.0011939802383104
157,8,Thalamus,Glu,10,0.6081379193290717,5.120174206343398,0.0,0.0023617813412612
158,9,Thalamus,Glu,10,0.5529110161360297,4.548664926769383,0.0,0.0024034408575166
159,10,Cerebellum,Ins,10,0.3966284473004081,5.2711036224726096,0.0,0.0354365099519508
160,11,Cerebellum,Ins,10,0.1461650135446971,5.267105192198811,0.0,0.1523404297475894
161,12,Cerebellum,Ins,10,0.3376764566742378,4.876814886902364,0.0,0.0459124400335452
162,15,Cerebellum,Ins,10,0.2100489495455622,5.196106835679468,0.0,0.1157372185727894
163,17,Cerebellum,Ins,10,0.28768561009361,5.196556148289629,0.0,0.0613959149998659
164,1,Thalamus,Ins,10,0.4317271869653911,4.949368524946689,0.0,0.0251391993875923
165,3,Thalamus,Ins,10,0.314530724480791,4.61809225025173,0.0,0.0349703390761569
166,9,Thalamus,Ins,10,0.2721506170384764,4.590565132175832,0.0,0.0586287815100716
167,10,Cerebellum,Tau,10,0.4678935232579493,4.684059433674912,0.0,0.007158692151936
168,12,Cerebellum,Tau,10,0.3656257777428471,5.355969899576326,0.0,0.0045610430170981
169,13,Cerebellum,Tau,10,0.4438811433767398,5.204862651092887,0.0,0.0046758933677529
170,14,Cerebellum,Tau,10,0.2342641757444718,4.648003261460025,0.0,0.0112497068364235
171,15,Cerebellum,Tau,10,0.3132967559564867,4.682472689202656,0.0,0.0016659842349935
172,16,Cerebellum,Tau,10,0.3697645671595921,4.743187450573585,0.0,0.0060014671460249
173,17,Cerebellum,Tau,10,0.3820568304132565,5.130046167829293,0.0,0.0039983282274227
174,18,Cerebellum,Tau,10,0.3543543491524457,5.090840823224244,0.0,0.0043025734693214
175,1,Thalamus,Tau,10,0.5369758111552956,4.21038215887932,0.0,0.001503578497566
176,2,Thalamus,Tau,10,0.5438786001412648,4.806774673719731,0.0,0.0014772236952626
177,3,Thalamus,Tau,10,0.5005574822514562,4.677384504905524,0.0,0.001021667581819
178,4,Thalamus,Tau,10,0.54878465912573,4.761774593977046,0.0,0.000920884833541
179,5,Thalamus,Tau,10,0.5595338884295012,4.223638356505316,0.0,0.0014002562921948
180,6,Thalamus,Tau,10,0.5261793952788569,4.872211940512444,0.0,0.0008315074043033
181,7,Thalamus,Tau,10,0.5537435409144572,4.745151671565036,0.0,0.0007638228819275
182,8,Thalamus,Tau,10,0.590760839786298,4.874031769701517,0.0,0.0030148412687276
183,9,Thalamus,Tau,10,0.5250519764130634,4.718447720056203,0.0,0.0006555626313966
184,10,Cerebellum,NAA+NAAG,15,0.3186891062019857,5.347561124625512,0.0,0.0035429437808022
185,11,Cerebellum,NAA+NAAG,15,0.2855144268207813,5.163143596206046,0.0,0.005069274255083
186,12,Cerebellum,NAA+NAAG,15,0.2929007598951241,4.768968881201356,0.0,0.001788307307842
187,13,Cerebellum,NAA+NAAG,15,0.2881333472636191,4.660833375908754,0.0,0.0011690582759078
188,14,Cerebellum,NAA+NAAG,15,0.3264184290622785,4.821591137684286,0.0,0.0006811011188377
189,15,Cerebellum,NAA+NAAG,15,0.2443413671448483,5.580960740528781,0.0,0.0011750796700565
190,16,Cerebellum,NAA+NAAG,15,0.2649712246391341,5.0438125385004895,0.0,0.0027820478707019
191,17,Cerebellum,NAA+NAAG,15,0.3476494076906491,4.89452287090777,0.0,0.0018607387466028
192,18,Cerebellum,NAA+NAAG,15,0.2973085121290058,4.793626850941986,0.0,0.0012571645494237
193,1,Thalamus,NAA+NAAG,15,0.4172403838254427,4.152208133567789,0.0,0.0019561286673239
194,2,Thalamus,NAA+NAAG,15,0.3284417158135566,4.806399079122646,0.0,0.0004250131778674
195,3,Thalamus,NAA+NAAG,15,0.3355386421708442,5.240797788356818,0.0,0.0003169658160037
196,4,Thalamus,NAA+NAAG,15,0.3824571721833636,4.62405477493504,0.0,0.0004059339971114
197,5,Thalamus,NAA+NAAG,15,0.3829388917430271,5.143755696897396,0.0,0.0001904719723316
198,6,Thalamus,NAA+NAAG,15,0.3552857661361487,5.112933561605172,0.0,0.0002632674828277
199,7,Thalamus,NAA+NAAG,15,0.3357302267083367,4.641277411004516,0.0,0.0006857795690588
200,8,Thalamus,NAA+NAAG,15,0.3755713863859198,5.422841279346053,0.0,0.0004888026154809
201,9,Thalamus,NAA+NAAG,15,0.3796924886638209,4.4156815306124,0.0,0.0004513811285189
202,10,Cerebellum,Cr+PCr,15,0.287695202408007,5.0777025558866455,0.0,0.0055132117892377
203,11,Cerebellum,Cr+PCr,15,0.3151030997643986,5.171199854909697,0.0,0.0034947357827084
204,12,Cerebellum,Cr+PCr,15,0.2768435150810918,4.931438497500699,0.0,0.00373171338908
205,13,Cerebellum,Cr+PCr,15,0.273119996211296,4.844658412694595,0.0,0.0022173164370267
206,14,Cerebellum,Cr+PCr,15,0.2940619165956202,4.142086877419037,0.0,0.002800339466365
207,15,Cerebellum,Cr+PCr,15,0.2700920979986224,5.326527835555266,0.0,0.001240804372242
208,16,Cerebellum,Cr+PCr,15,0.2928218988496971,5.4465529552437655,0.0,0.0021486657766098
209,17,Cerebellum,Cr+PCr,15,0.2854168415381195,5.12679538058252,0.0,0.0026146283959893
210,18,Cerebellum,Cr+PCr,15,0.2770012507055333,5.148418255441887,0.0,0.0016180326454826
211,1,Thalamus,Cr+PCr,15,0.4169673816142825,4.635104437216107,0.0,0.0024198181974293
212,2,Thalamus,Cr+PCr,15,0.3798350414332829,4.978646775235483,0.0,0.0020083053249403
213,3,Thalamus,Cr+PCr,15,0.4040386149930395,4.845852583429204,0.0,0.0032664102577111
214,4,Thalamus,Cr+PCr,15,0.3932449167654132,4.763126011716853,0.0,0.0017324475087918
215,5,Thalamus,Cr+PCr,15,0.3621151775011113,4.903754940102933,0.0,0.0021294244518404
216,6,Thalamus,Cr+PCr,15,0.3815993519485874,5.187620340611258,0.0,0.0023355639010095
217,7,Thalamus,Cr+PCr,15,0.4047129079878653,4.755449667484728,0.0,0.0019209539605675
218,8,Thalamus,Cr+PCr,15,0.4028024887853619,4.903719197575934,0.0,0.0019805722469803
219,9,Thalamus,Cr+PCr,15,0.392553122369159,4.940720277986949,0.0,0.0029914745871169
220,10,Cerebellum,GPC+PCho+Cho,15,0.3224446506722748,4.898754497324058,0.0,0.0123476704351316
221,11,Cerebellum,GPC+PCho+Cho,15,0.300004884482752,4.786407431904647,0.0,0.0105869643499574
222,12,Cerebellum,GPC+PCho+Cho,15,0.275034454744295,5.731375682670585,0.0,0.0048077912659045
223,13,Cerebellum,GPC+PCho+Cho,15,0.297903674866007,4.516636715462939,0.0,0.0042809184586091
224,14,Cerebellum,GPC+PCho+Cho,15,0.1920443289290454,5.073426675339275,0.0,0.1931037162934585
225,15,Cerebellum,GPC+PCho+Cho,15,0.2457560990785888,5.061905803573327,0.0,0.0035571285707389
226,16,Cerebellum,GPC+PCho+Cho,15,0.2824122953156927,5.375617893816463,0.0,0.0033823467186159
227,17,Cerebellum,GPC+PCho+Cho,15,0.314404146903708,4.837587100453416,0.0,0.0050989938936805
228,18,Cerebellum,GPC+PCho+Cho,15,0.2462246865676993,5.112847973571795,0.0,0.0050142816641625
229,1,Thalamus,GPC+PCho+Cho,15,0.2345716668480403,5.066898346769502,0.0,0.0039119463424303
230,2,Thalamus,GPC+PCho+Cho,15,0.2317322166007117,5.532749122389871,0.0,0.0022378174628802
231,3,Thalamus,GPC+PCho+Cho,15,0.2267023551135797,5.06080904196139,0.0,0.0025870604155319
232,4,Thalamus,GPC+PCho+Cho,15,0.283848935013643,4.826616572831013,0.0,0.0020638959765568
233,5,Thalamus,GPC+PCho+Cho,15,0.325286766975505,5.04411697267297,0.0,0.002599169110722
234,6,Thalamus,GPC+PCho+Cho,15,0.2851778052354873,4.8448789544276085,0.0,0.0080622578793412
235,7,Thalamus,GPC+PCho+Cho,15,0.3201067070879155,5.230605248255929,0.0,0.0008308460467548
236,8,Thalamus,GPC+PCho+Cho,15,0.3168878326614122,5.006259272013274,0.0,0.0036187478850261
237,9,Thalamus,GPC+PCho+Cho,15,0.2495075428093939,5.058046913228514,0.0,0.0016202536148708
238,10,Cerebellum,Glu,15,0.2887065926670796,5.79543454959559,0.0,0.0034383914440964
239,11,Cerebellum,Glu,15,0.2921864222781215,4.472962872076269,0.0,0.0047682808106812
240,12,Cerebellum,Glu,15,0.2798221103651058,5.03929428228468,0.0,0.0020185111132879
241,13,Cerebellum,Glu,15,0.2800276763878045,5.089164174456871,0.0,0.0017690351301599
242,14,Cerebellum,Glu,15,0.2565999283175198,4.6916783955470205,0.0,0.0030017612762061
243,15,Cerebellum,Glu,15,0.2690029699680921,4.857051514437679,0.0,0.0013843412229125
244,16,Cerebellum,Glu,15,0.2770790898702499,4.601758140999602,0.0,0.0023244403888894
245,17,Cerebellum,Glu,15,0.2598935194365188,4.822140312336064,0.0,0.0027962171252128
246,18,Cerebellum,Glu,15,0.2834543478026986,5.116608922061387,0.0,0.0015501271376199
247,1,Thalamus,Glu,15,0.3928795756727506,5.065851321450563,0.0,0.003056606703619
248,2,Thalamus,Glu,15,0.3616857036636782,4.7485461494216,0.0,0.0015018014051466
249,3,Thalamus,Glu,15,0.3938785761702096,3.893302779318319,0.0,0.0015512846321589
250,4,Thalamus,Glu,15,0.4151009653052067,4.548514445599644,0.0,0.0010323675643763
251,5,Thalamus,Glu,15,0.419962699142944,4.935121906163396,0.0,0.0011220706391402
252,6,Thalamus,Glu,15,0.4290488878688875,4.929445502455362,0.0,0.0005776287824918
253,7,Thalamus,Glu,15,0.414726259851279,3.856012866570073,0.0,0.0016857919494009
254,8,Thalamus,Glu,15,0.4073447210017683,5.0466929610339495,0.0,0.0041757964198172
255,9,Thalamus,Glu,15,0.4311330205156554,5.437947831793259,0.0,0.0011202657061346
256,10,Cerebellum,Ins,15,0.1616588676572685,5.315720115711328,0.0,0.0289803689405924
257,12,Cerebellum,Ins,15,0.3345398798436519,5.451732839614553,0.0,0.0129409072894374
258,13,Cerebellum,Ins,15,0.3059421619095758,5.826498191128044,0.0,0.0063200641904823
259,14,Cerebellum,Ins,15,0.1448130743790009,5.787996976822851,0.0,0.2770618012585324
260,15,Cerebellum,Ins,15,0.2883828650029396,4.919554647372434,0.0,0.0102217543408348
261,16,Cerebellum,Ins,15,0.2051493554623023,4.867927271501251,0.0,0.0119324852627346
262,17,Cerebellum,Ins,15,0.2471338139005899,4.832336707717091,0.0,0.0103956968847978
263,18,Cerebellum,Ins,15,0.2258981522344285,5.095578790703748,0.0,0.0127743709056494
264,10,Cerebellum,Tau,15,0.3100696110591201,5.30671942934543,0.0,0.0039121275681517
265,11,Cerebellum,Tau,15,0.3964967498477216,4.288444812823848,0.0,0.0059104322137988
266,12,Cerebellum,Tau,15,0.3306487393621776,4.603388391105813,0.0,0.0017799624832686
267,13,Cerebellum,Tau,15,0.3647730783570569,5.629702010454427,0.0,0.0014600633623055
268,14,Cerebellum,Tau,15,0.3079658444955203,5.128440656974253,0.0,0.0070518938081725
269,15,Cerebellum,Tau,15,0.3261433006395866,5.215430517475364,0.0,0.0009393524040482
270,16,Cerebellum,Tau,15,0.3459975504618468,5.204857131998407,0.0,0.0017125817355451
271,17,Cerebellum,Tau,15,0.3338810238845252,4.904081494780961,0.0,0.0024290262218009
272,18,Cerebellum,Tau,15,0.3192121995375186,5.339482497395928,0.0,0.0008562724765604
273,1,Thalamus,Tau,15,0.4774935540903925,5.51749216917243,0.0,0.0017818138573604
274,2,Thalamus,Tau,15,0.4776081999183677,5.06996106934511,0.0,0.0019488412644259
275,3,Thalamus,Tau,15,0.4467916238691065,4.5302702197173925,0.0,0.0009924832576253
276,4,Thalamus,Tau,15,0.525073432633089,4.9291337944162255,0.0,0.0010653189374322
277,5,Thalamus,Tau,15,0.4770000499959689,5.457361871352008,0.0,0.0012452062923147
278,6,Thalamus,Tau,15,0.4444465873321096,4.640856084634072,0.0,0.0024962680179616
279,7,Thalamus,Tau,15,0.4856525422362971,5.170954078143451,0.0,0.0006347932492294
280,8,Thalamus,Tau,15,0.4961768561644753,5.201926898423937,0.0,0.0014869093068244
281,9,Thalamus,Tau,15,0.4560249034709811,4.998594918878722,0.0,0.0010380652489548
282,10,Cerebellum,NAA+NAAG,20,0.2772294917322508,4.628070474795749,0.0,0.001316488465791
283,11,Cerebellum,NAA+NAAG,20,0.6173398652785081,4.774823147441325,0.0,0.0604196626388236
284,13,Cerebellum,NAA+NAAG,20,0.3228846444248388,4.651910674349082,0.0,0.0143729597364335
285,14,Cerebellum,NAA+NAAG,20,0.2701660881820046,5.500945241544259,0.0,0.0008374394096244
286,15,Cerebellum,NAA+NAAG,20,0.3218318575567049,5.089136229302091,0.0,0.0012748130654504
287,16,Cerebellum,NAA+NAAG,20,0.3063329014740171,4.8009974954107175,0.0,0.0017427095909296
288,17,Cerebellum,NAA+NAAG,20,0.2980877574548835,4.835023572842286,0.0,0.0010534576196669
289,18,Cerebellum,NAA+NAAG,20,0.2982522823910983,5.12497657104203,0.0,0.0014258366142582
290,1,Thalamus,NAA+NAAG,20,0.4064363405176445,5.168576767393958,0.0,0.0006722363595517
291,2,Thalamus,NAA+NAAG,20,0.3719338257756765,5.19413113052767,0.0,0.0013225758940858
292,3,Thalamus,NAA+NAAG,20,0.3670590662746286,5.035922451108741,0.0,0.0016150417905181
293,4,Thalamus,NAA+NAAG,20,0.3288491219907621,4.495310858418372,0.0,0.0005930310320273
294,5,Thalamus,NAA+NAAG,20,0.3904534923977928,4.897602458472225,0.0,0.0003775732089704
295,6,Thalamus,NAA+NAAG,20,0.3818079245098681,4.459951438033147,0.0,0.000862194837668
296,7,Thalamus,NAA+NAAG,20,0.3717422126704249,5.452770562827725,0.0,0.0005383543159181
297,8,Thalamus,NAA+NAAG,20,0.3476569106187582,4.984485301059702,0.0,0.0003698531112032
298,9,Thalamus,NAA+NAAG,20,0.4142643674537428,4.848150516809036,0.0,0.0009732557973119
299,10,Cerebellum,Cr+PCr,20,0.279787178650997,5.167719851370682,0.0,0.0012016172791541
300,11,Cerebellum,Cr+PCr,20,0.3898974782604679,5.182096953383049,0.0,0.0156914935308923
301,13,Cerebellum,Cr+PCr,20,0.3466562752059275,4.930533433880297,0.0,0.011892445549394
302,14,Cerebellum,Cr+PCr,20,0.275040256135953,5.150847889195347,0.0,0.0012023343513014
303,15,Cerebellum,Cr+PCr,20,0.2927619449949052,4.943587988620468,0.0,0.0014622525980016
304,16,Cerebellum,Cr+PCr,20,0.2890878618471071,5.02510021264831,0.0,0.0005768926501483
305,17,Cerebellum,Cr+PCr,20,0.3185773720503294,5.282142219047351,0.0,0.0026914142979844
306,18,Cerebellum,Cr+PCr,20,0.2865454075723375,4.88135578512372,0.0,0.0007178167156145
307,1,Thalamus,Cr+PCr,20,0.4231092836230267,5.046432735793765,0.0,0.0030118206529049
308,2,Thalamus,Cr+PCr,20,0.3618985967338857,4.414956799658002,0.0,0.0009326752489473
309,3,Thalamus,Cr+PCr,20,0.3935119614065037,5.954812366366248,0.0,0.0015038123798289
310,4,Thalamus,Cr+PCr,20,0.4667584488997376,5.044445840218318,0.0,0.002207908272327
311,5,Thalamus,Cr+PCr,20,0.3837093495272522,4.8387951246273415,0.0,0.0014239925887249
312,6,Thalamus,Cr+PCr,20,0.4102034135111321,4.280087693807946,0.0,0.0016937743241091
313,7,Thalamus,Cr+PCr,20,0.3724822652193016,5.050922392443018,0.0,0.0014586651391853
314,8,Thalamus,Cr+PCr,20,0.3851141934890454,5.073484329428839,0.0,0.0016950309426899
315,9,Thalamus,Cr+PCr,20,0.3933956255207766,4.987440344307638,0.0,0.0034748007451249
316,10,Cerebellum,GPC+PCho+Cho,20,0.2647030635412365,5.030264051385468,0.0,0.0052384591386523
317,13,Cerebellum,GPC+PCho+Cho,20,0.3690547264944624,5.237540753921777,0.0,0.0061392400160929
318,14,Cerebellum,GPC+PCho+Cho,20,0.3163201975186951,5.233383552809173,0.0,0.0074300983204361
319,15,Cerebellum,GPC+PCho+Cho,20,0.282346823210402,5.454737680697153,0.0,0.0020579219082667
320,16,Cerebellum,GPC+PCho+Cho,20,0.3061950756486097,5.531206948041113,0.0,0.002300649447529
321,17,Cerebellum,GPC+PCho+Cho,20,0.2987397317310035,5.021381304858565,0.0,0.0041303507851865
322,18,Cerebellum,GPC+PCho+Cho,20,0.3249418340095234,5.119605494443277,0.0,0.0015718568681917
323,1,Thalamus,GPC+PCho+Cho,20,0.3371499148237286,5.444380352244766,0.0,0.000967120266652
324,2,Thalamus,GPC+PCho+Cho,20,0.2838484354841789,5.070138322694919,0.0,0.007057336242717
325,3,Thalamus,GPC+PCho+Cho,20,0.292991477539621,4.5475971857400905,0.0,0.0059396032909667
326,4,Thalamus,GPC+PCho+Cho,20,0.3598873106964557,5.294148232795274,0.0,0.0115602198020307
327,5,Thalamus,GPC+PCho+Cho,20,0.3281281535956517,4.989332853938786,0.0,0.0004670483737896
328,6,Thalamus,GPC+PCho+Cho,20,0.2823968181920519,5.3469786798870444,0.0,0.0024350401378373
329,7,Thalamus,GPC+PCho+Cho,20,0.3184817081133926,5.0051056878338605,0.0,0.0205683854182536
330,8,Thalamus,GPC+PCho+Cho,20,0.3243254315098555,5.099658823867068,0.0,0.0020387786202177
331,9,Thalamus,GPC+PCho+Cho,20,0.322547570625976,4.993542373966541,0.0,0.0016935154803702
332,10,Cerebellum,Glu,20,0.2724506488450632,5.052132620617726,0.0,0.0020864496889938
333,11,Cerebellum,Glu,20,0.4519676253967838,4.763853977187576,0.0,0.0328324889924716
334,13,Cerebellum,Glu,20,0.270936085123629,4.989463479228845,0.0,0.0435749682826273
335,14,Cerebellum,Glu,20,0.2435405645924801,5.061179827054886,0.0,0.0012059557697629
336,15,Cerebellum,Glu,20,0.2876751316141772,5.371053076489864,0.0,0.0020795633379588
337,16,Cerebellum,Glu,20,0.2627824889957229,5.1596786489390105,0.0,0.0010380697970415
338,17,Cerebellum,Glu,20,0.2766325179713567,4.753312356920445,0.0,0.0029773610011192
339,18,Cerebellum,Glu,20,0.2733075238828945,5.070201523479419,0.0,0.0005415526062178
340,1,Thalamus,Glu,20,0.4189014503560757,4.616462950409312,0.0,0.0016185976462386
341,2,Thalamus,Glu,20,0.3938528970396706,5.264830391699952,0.0,0.0028523971518781
342,3,Thalamus,Glu,20,0.3723733859050785,4.575484023507071,0.0,0.0002462114438098
343,4,Thalamus,Glu,20,0.4254800287271912,5.694581860078114,0.0,0.000963857100166
344,5,Thalamus,Glu,20,0.3913010541009128,5.095377999743099,0.0,0.0012392436329281
345,6,Thalamus,Glu,20,0.4167303956398828,5.27962302369355,0.0,0.0013454008060612
346,7,Thalamus,Glu,20,0.4077167595794116,4.971130672539326,0.0,0.0012621707677781
347,8,Thalamus,Glu,20,0.3323123668383744,4.939101554278684,0.0,0.0022217702700632
348,9,Thalamus,Glu,20,0.3487844941868626,5.383353667898847,0.0,0.0032475740528491
349,10,Cerebellum,Ins,20,0.2206243703889511,5.690090990274425,0.0,0.007805222966934
350,14,Cerebellum,Ins,20,0.2896516794115698,5.369065589768666,0.0,0.0202953771273383
351,15,Cerebellum,Ins,20,0.2858772195402175,4.443509095743296,0.0,0.0070593017650835
352,16,Cerebellum,Ins,20,0.2887303433618094,5.367967337557381,0.0,0.0052680508659711
353,17,Cerebellum,Ins,20,0.276564678969972,4.670041062988071,0.0,0.0053009594302372
354,18,Cerebellum,Ins,20,0.311173681357784,5.540243472372221,0.0,0.0042294529267516
355,1,Thalamus,Ins,20,0.3982369951396947,5.531551707629108,0.0,0.0226780560673623
356,2,Thalamus,Ins,20,0.3444232433287637,5.238306637487154,0.0,0.0217696868425126
357,7,Thalamus,Ins,20,0.3462673728293901,5.327174152422604,0.0,0.0200955746040426
358,9,Thalamus,Ins,20,0.1736431973554748,4.946699399681687,0.0,0.0250034538390592
359,10,Cerebellum,Tau,20,0.3627182754998971,4.937097428199791,0.0,0.0021039808337705
360,11,Cerebellum,Tau,20,0.440577831498111,5.242862992288629,0.0,0.0052133476946501
361,13,Cerebellum,Tau,20,0.38544704806834,4.844671671514152,0.0,0.001514686296425
362,14,Cerebellum,Tau,20,0.3472814659208171,5.333691084084547,0.0,0.0033501840319993
363,15,Cerebellum,Tau,20,0.3789822451570053,4.562721525686343,0.0,0.0019045223759591
364,16,Cerebellum,Tau,20,0.2930903010172532,4.276168562905594,0.0,0.0001041210763667
365,17,Cerebellum,Tau,20,0.3629383935416294,5.196119132642948,0.0,0.0019861752162074
366,18,Cerebellum,Tau,20,0.3352290068044325,4.7944481562815255,0.0,0.0010280367016903
367,1,Thalamus,Tau,20,0.562705038608092,4.410466375783411,0.0,0.0033992946986724
368,2,Thalamus,Tau,20,0.3833974513801134,5.287126547745339,0.0,0.0014956861289715
369,3,Thalamus,Tau,20,0.3659396154915611,5.140904568003016,0.0,0.0028012734017805
370,4,Thalamus,Tau,20,0.5794390566935896,4.95927922350221,0.0,0.0075952542991162
371,5,Thalamus,Tau,20,0.4269188965974593,5.044036134108972,0.0,0.0010351912321902
372,6,Thalamus,Tau,20,0.4852048948842518,5.008637211000611,0.0,0.0013690326544177
373,7,Thalamus,Tau,20,0.3573497437945048,4.991543790072628,0.0,0.0018812174740942
374,8,Thalamus,Tau,20,0.3394187790167976,5.433643965322599,0.0,0.0037732512790718
375,9,Thalamus,Tau,20,0.3681956336350181,4.942233722275241,0.0,0.0033893532302353
376,11,Cerebellum,NAA+NAAG,30,0.4286894165746152,4.669391011537804,0.0,0.0014305663145208
377,13,Cerebellum,NAA+NAAG,30,0.3484090197322101,4.9120379470073,0.0,0.0031494788758467
378,14,Cerebellum,NAA+NAAG,30,0.3471235173389271,5.0967457586166445,0.0,0.003439029729175
379,15,Cerebellum,NAA+NAAG,30,0.3161575462169363,5.169352178892104,0.0,0.0018665900999033
380,16,Cerebellum,NAA+NAAG,30,0.2977741339542167,4.784555610931452,0.0,0.0009277157412458
381,17,Cerebellum,NAA+NAAG,30,0.2793877472681532,4.367320462252419,0.0,0.000895970775642
382,18,Cerebellum,NAA+NAAG,30,0.923514870678925,4.681064827050896,0.0,0.0739488455578931
383,1,Thalamus,NAA+NAAG,30,0.4114996079065142,5.678919058110866,0.0,0.0014754992109594
384,2,Thalamus,NAA+NAAG,30,0.5201408337956268,4.988447471392017,0.0,0.0289399276741756
385,3,Thalamus,NAA+NAAG,30,0.3685416569679499,5.242020719517211,0.0,0.0012799914365953
386,4,Thalamus,NAA+NAAG,30,0.4632417463505285,5.427772537667004,0.0,0.002415913342015
387,5,Thalamus,NAA+NAAG,30,0.4067489136218957,5.031980412239543,0.0,0.0003889586390403
388,6,Thalamus,NAA+NAAG,30,0.4648730304482573,4.405348621783603,0.0,0.0016421459894537
389,7,Thalamus,NAA+NAAG,30,0.3935696263971244,4.706895184675009,0.0,0.000970319633135
390,8,Thalamus,NAA+NAAG,30,0.3664082497225195,5.197891735345508,0.0,0.0006390870455444
391,9,Thalamus,NAA+NAAG,30,0.3977803009033717,4.395583106010651,0.0,0.0005467188410056
392,11,Cerebellum,Cr+PCr,30,0.4257213322851389,4.635880344955575,0.0,0.0017286493310579
393,13,Cerebellum,Cr+PCr,30,0.2965151807275094,4.907298680713045,0.0,0.0011072127145409
394,14,Cerebellum,Cr+PCr,30,0.2998181597851557,5.020936986987535,0.0,0.0017354276534488
395,15,Cerebellum,Cr+PCr,30,0.2941966969416152,4.975191209376162,0.0,0.0011641038567116
396,16,Cerebellum,Cr+PCr,30,0.2997372836719927,5.131004948330485,0.0,0.0024773111045487
397,17,Cerebellum,Cr+PCr,30,0.2533375486622281,5.053148106845887,0.0,0.0006307179813577
398,1,Thalamus,Cr+PCr,30,0.3788470310617327,4.965157055587112,0.0,0.0035755509335513
399,2,Thalamus,Cr+PCr,30,0.3894595092984634,5.355366154424352,0.0,0.0032153115413989
400,3,Thalamus,Cr+PCr,30,0.3773280637798342,4.952032182176605,0.0,0.0038350807447423
401,4,Thalamus,Cr+PCr,30,0.423056850864674,5.559131114827818,0.0,0.0024439402171536
402,5,Thalamus,Cr+PCr,30,0.4307462746511283,5.603685909396781,0.0,0.0005058126584971
403,6,Thalamus,Cr+PCr,30,0.3873038305621052,4.495584403414683,0.0,0.0042877100760496
404,7,Thalamus,Cr+PCr,30,0.4222305650030184,4.933699317854477,0.0,0.0009818181214543
405,8,Thalamus,Cr+PCr,30,0.3254971478633541,5.429206363754012,0.0,0.0011846347084726
406,9,Thalamus,Cr+PCr,30,0.3605114826970774,5.169668351759346,0.0,0.0018209283476514
407,10,Cerebellum,GPC+PCho+Cho,30,1.0000000111022303e-07,5.585080137557313,0.0,941.4919037184636
408,11,Cerebellum,GPC+PCho+Cho,30,0.4101714676839395,4.948347176786746,0.0,0.0051367086268558
409,13,Cerebellum,GPC+PCho+Cho,30,0.3677700820634874,5.020358531084999,0.0,0.0037951293394325
410,14,Cerebellum,GPC+PCho+Cho,30,0.2444707449150336,4.5336943551140845,0.0,0.0047445298860075
411,15,Cerebellum,GPC+PCho+Cho,30,0.3228749219778966,5.031365976717624,0.0,0.0038518504499106
412,16,Cerebellum,GPC+PCho+Cho,30,0.2874413010552739,5.197641142810001,0.0,0.0120078008054898
413,17,Cerebellum,GPC+PCho+Cho,30,0.3019188204669082,4.790242750345582,0.0,0.0095565625674489
414,1,Thalamus,GPC+PCho+Cho,30,0.2700325099924357,5.153899519798996,0.0,0.0033488377326382
415,3,Thalamus,GPC+PCho+Cho,30,0.3041455327847234,5.371300138474823,0.0,0.0037121597664915
416,4,Thalamus,GPC+PCho+Cho,30,0.2888342366311527,5.31178806587095,0.0,0.002716014630097
417,5,Thalamus,GPC+PCho+Cho,30,0.2298276700168968,4.994592019135874,0.0,0.0041748051295118
418,6,Thalamus,GPC+PCho+Cho,30,0.2115144317982339,5.502354918930918,0.0,0.0268035472836603
419,7,Thalamus,GPC+PCho+Cho,30,0.3780441662544902,5.020459106977523,0.0,0.0104365992519343
420,8,Thalamus,GPC+PCho+Cho,30,0.3282555369517475,5.361828256871203,0.0,0.003132765896947
421,9,Thalamus,GPC+PCho+Cho,30,0.1717143603634033,4.741543220397328,0.0,0.0213103742335762
422,11,Cerebellum,Glu,30,0.3336981868612897,4.547064167938591,0.0,0.0016371257913868
423,13,Cerebellum,Glu,30,0.2858307754593965,5.437432496617589,0.0,0.0005198688386554
424,14,Cerebellum,Glu,30,0.2501657060582982,5.0557309129943295,0.0,0.0024662044606098
425,15,Cerebellum,Glu,30,0.2639014881063454,5.130173094530419,0.0,0.0016095064301526
426,16,Cerebellum,Glu,30,0.2790613754576801,5.3338771848382,0.0,0.0013976044717477
427,17,Cerebellum,Glu,30,0.24963079536763,4.949319105487761,0.0,0.0019997789490163
428,1,Thalamus,Glu,30,0.3928423145797382,4.88781161676447,0.0,0.0024563618570435
429,2,Thalamus,Glu,30,0.593166148192621,4.7454730840794825,0.0,0.0132887947739449
430,3,Thalamus,Glu,30,0.3336454728256603,4.876116707972592,0.0,0.0047975836063451
431,4,Thalamus,Glu,30,0.4452312109413179,4.899239700984582,0.0,0.0018583799310841
432,5,Thalamus,Glu,30,0.414104154677258,4.381342391447024,0.0,0.0004183847196248
433,6,Thalamus,Glu,30,0.4217652152920051,5.604008670598402,0.0,0.0021493444638007
434,7,Thalamus,Glu,30,0.3815083702835575,5.073350994378269,0.0,0.000864202162665
435,8,Thalamus,Glu,30,0.3801675065061713,5.363662902973648,0.0,0.0030647699877736
436,9,Thalamus,Glu,30,0.3996794988922698,4.962150161023367,0.0,0.0019655995851686
437,11,Cerebellum,Ins,30,0.3004296739579248,4.791332938257687,0.0,0.0113073996270535
438,13,Cerebellum,Ins,30,0.3795774035342539,5.304139369254833,0.0,0.0047593282814346
439,14,Cerebellum,Ins,30,0.2456875150154178,5.172738171030018,0.0,0.0040704117159997
440,15,Cerebellum,Ins,30,0.2469332934600535,5.309309943852935,0.0,0.005810159039249
441,16,Cerebellum,Ins,30,0.3267192392400046,4.910232999953034,0.0,0.018412168575953
442,17,Cerebellum,Ins,30,0.201332041295258,5.212326970554738,0.0,0.0131081640176988
443,1,Thalamus,Ins,30,0.3605758823851108,4.889237764436663,0.0,0.0143108319967375
444,2,Thalamus,Ins,30,0.2836118320208523,5.00799565329466,0.0,0.0172111891785143
445,3,Thalamus,Ins,30,0.3071975282890874,5.9896915651057885,0.0,0.0293765684648829
446,4,Thalamus,Ins,30,0.3977315792120031,5.244041653390453,0.0,0.016561613002532
447,5,Thalamus,Ins,30,0.3947856809370413,4.508054887287822,0.0,0.0300469506932389
448,6,Thalamus,Ins,30,0.4324820080992466,5.2297222729793615,0.0,0.0150636123542868
449,7,Thalamus,Ins,30,0.2953742710350177,4.124602116321487,0.0,0.0205077365160458
450,8,Thalamus,Ins,30,0.2192452572284133,5.169845304975181,0.0,0.0170789277931781
451,9,Thalamus,Ins,30,0.3523745204176289,4.926494836040451,0.0,0.0151121301120018
452,11,Cerebellum,Tau,30,0.4725963319275442,4.837113083912807,0.0,0.002874426772459
453,13,Cerebellum,Tau,30,0.3466195340525383,5.446691277089952,0.0,0.0023215253118635
454,14,Cerebellum,Tau,30,0.3246499954742625,4.695751761558491,0.0,0.0011964030703215
455,15,Cerebellum,Tau,30,0.3955619978047743,5.409344186518807,0.0,0.0012548900392558
456,16,Cerebellum,Tau,30,0.3983610856101906,5.523579665854756,0.0,0.0051496115866221
457,17,Cerebellum,Tau,30,0.3020533803488939,4.563770515105836,0.0,0.0007533904806753
458,1,Thalamus,Tau,30,0.3163015689782482,5.061718716604771,0.0,0.0032656564571752
459,3,Thalamus,Tau,30,0.323741183355564,5.220766100526896,0.0,0.0039346485157195
460,4,Thalamus,Tau,30,0.4230424558055469,5.137803399366486,0.0,0.001479582140124
461,5,Thalamus,Tau,30,0.358215014259684,5.27997521375452,0.0,0.0009471668438446
462,6,Thalamus,Tau,30,0.3823562759875336,5.065670345003221,0.0,0.0040278232123344
463,7,Thalamus,Tau,30,0.283171094343809,4.556111947203973,0.0,0.0020616164619442
464,8,Thalamus,Tau,30,0.3448308734474878,5.21285925371048,0.0,0.0056083497859299
465,9,Thalamus,Tau,30,0.4272267537196236,4.909438032911512,0.0,0.002912106202849
